<?xml version="1.0" encoding="UTF-8"?>
<DEFECTS>
  <DEFECT>
    <SFA>
      <FILEPATH>c:\users\173414a\documents\visual studio 2015\projects\mygraphics\mygraphics\source\</FILEPATH>
      <FILENAME>shader.cpp</FILENAME>
      <LINE>32</LINE>
      <COLUMN>9</COLUMN>
    </SFA>
    <DEFECTCODE>6031</DEFECTCODE>
    <DESCRIPTION>Return value ignored: 'getchar'.</DESCRIPTION>
    <FUNCTION>LoadShaders</FUNCTION>
    <DECORATED>?LoadShaders@@YAIPBD0@Z</DECORATED>
    <FUNCLINE>16</FUNCLINE>
    <PATH></PATH>
  </DEFECT>
</DEFECTS>